RA,DEC,Probability of Non-QSO,Probability of QSO,Prediction,Sources
0.062537,-0.578794,0.536828219,0.463171781,0,SpIES_UKIDSS_SDSS_gr_specmatch_radio_selected_teddy.fit
0.069474,0.089717,0.609943978,0.390056022,0,SpIES_UKIDSS_SDSS_gr_specmatch_radio_selected_teddy.fit
0.134173,0.695095,0.496965199,0.503034801,0,SpIES_UKIDSS_SDSS_gr_specmatch_radio_selected_teddy.fit
0.148627,0.954599,0.505336142,0.494663858,0,SpIES_UKIDSS_SDSS_gr_specmatch_radio_selected_teddy.fit
0.192235,-0.534088,0.759080183,0.240919817,0,SpIES_UKIDSS_SDSS_gr_specmatch_radio_selected_teddy.fit
0.567052,0.621691,0.902336169,0.097663831,0,SpIES_UKIDSS_SDSS_gr_specmatch_radio_selected_teddy.fit
0.89695,-0.853132,0.889517757,0.110482243,0,SpIES_UKIDSS_SDSS_gr_specmatch_radio_selected_teddy.fit
1.048396,0.220706,0.591053684,0.408946316,0,SpIES_UKIDSS_SDSS_gr_specmatch_radio_selected_teddy.fit
2.9154,-0.17364,0.355103322,0.644896678,1,SpIES_UKIDSS_SDSS_gr_specmatch_radio_selected_teddy.fit
3.062437,0.807144,0.302339757,0.697660243,1,SpIES_UKIDSS_SDSS_gr_specmatch_radio_selected_teddy.fit
3.57303,0.770561,0.609719024,0.390280976,0,SpIES_UKIDSS_SDSS_gr_specmatch_radio_selected_teddy.fit
3.724446,0.66708,0.352614998,0.647385002,1,SpIES_UKIDSS_SDSS_gr_specmatch_radio_selected_teddy.fit
3.796526,0.771477,0.693529465,0.306470535,0,SpIES_UKIDSS_SDSS_gr_specmatch_radio_selected_teddy.fit
3.966802,-0.987506,0.625580597,0.374419403,0,SpIES_UKIDSS_SDSS_gr_specmatch_radio_selected_teddy.fit
4.384742,-0.079213,0.646604853,0.353395147,0,SpIES_UKIDSS_SDSS_gr_specmatch_radio_selected_teddy.fit
4.425562,0.621374,0.866690621,0.133309379,0,SpIES_UKIDSS_SDSS_gr_specmatch_radio_selected_teddy.fit
4.452944,-0.247525,0.646535992,0.353464008,0,SpIES_UKIDSS_SDSS_gr_specmatch_radio_selected_teddy.fit
4.483007,0.846485,0.740999688,0.259000312,0,SpIES_UKIDSS_SDSS_gr_specmatch_radio_selected_teddy.fit
4.956777,0.688002,0.389772809,0.610227191,1,SpIES_UKIDSS_SDSS_gr_specmatch_radio_selected_teddy.fit
4.97458,0.534297,0.729593523,0.270406477,0,SpIES_UKIDSS_SDSS_gr_specmatch_radio_selected_teddy.fit
5.225146,0.225382,0.618610679,0.381389321,0,SpIES_UKIDSS_SDSS_gr_specmatch_radio_selected_teddy.fit
5.323058,0.251594,0.60965825,0.39034175,0,SpIES_UKIDSS_SDSS_gr_specmatch_radio_selected_teddy.fit
5.386331,0.727336,0.556210145,0.443789855,0,SpIES_UKIDSS_SDSS_gr_specmatch_radio_selected_teddy.fit
5.601909,0.867079,0.668532282,0.331467718,0,SpIES_UKIDSS_SDSS_gr_specmatch_radio_selected_teddy.fit
5.687998,0.416876,0.746545374,0.253454626,0,SpIES_UKIDSS_SDSS_gr_specmatch_radio_selected_teddy.fit
5.798651,0.637199,0.667551157,0.332448843,0,SpIES_UKIDSS_SDSS_gr_specmatch_radio_selected_teddy.fit
5.847391,0.834918,0.716372245,0.283627755,0,SpIES_UKIDSS_SDSS_gr_specmatch_radio_selected_teddy.fit
6.014925,-0.072698,0.704426614,0.295573386,0,SpIES_UKIDSS_SDSS_gr_specmatch_radio_selected_teddy.fit
6.242966,0.500108,0.362242168,0.637757832,1,SpIES_UKIDSS_SDSS_gr_specmatch_radio_selected_teddy.fit
6.466119,0.353917,0.634708743,0.365291257,0,SpIES_UKIDSS_SDSS_gr_specmatch_radio_selected_teddy.fit
6.566959,0.504818,0.612951294,0.387048706,0,SpIES_UKIDSS_SDSS_gr_specmatch_radio_selected_teddy.fit
6.656223,-0.3897,0.938639318,0.061360682,0,SpIES_UKIDSS_SDSS_gr_specmatch_radio_selected_teddy.fit
7.5207,0.417092,0.193334361,0.806665639,1,SpIES_UKIDSS_SDSS_gr_specmatch_radio_selected_teddy.fit
7.62865,-0.572964,0.488710777,0.511289223,0,SpIES_UKIDSS_SDSS_gr_specmatch_radio_selected_teddy.fit
8.686897,-0.815649,0.318267026,0.681732974,1,SpIES_UKIDSS_SDSS_gr_specmatch_radio_selected_teddy.fit
8.894525,-0.351774,0.684973562,0.315026438,0,SpIES_UKIDSS_SDSS_gr_specmatch_radio_selected_teddy.fit
9.054472,-0.8752,0.738726272,0.261273728,0,SpIES_UKIDSS_SDSS_gr_specmatch_radio_selected_teddy.fit
10.314594,-0.742058,0.783073486,0.216926514,0,SpIES_UKIDSS_SDSS_gr_specmatch_radio_selected_teddy.fit
11.777908,-0.831792,0.974713324,0.025286676,0,SpIES_UKIDSS_SDSS_gr_specmatch_radio_selected_teddy.fit
12.161527,0.28031,0.965178494,0.034821506,0,SpIES_UKIDSS_SDSS_gr_specmatch_radio_selected_teddy.fit
12.242047,-0.259671,0.695560657,0.304439343,0,SpIES_UKIDSS_SDSS_gr_specmatch_radio_selected_teddy.fit
12.480781,-0.786624,0.575632403,0.424367597,0,SpIES_UKIDSS_SDSS_gr_specmatch_radio_selected_teddy.fit
12.515489,-0.202029,0.870034437,0.129965563,0,SpIES_UKIDSS_SDSS_gr_specmatch_radio_selected_teddy.fit
12.585739,-0.430182,0.668526904,0.331473096,0,SpIES_UKIDSS_SDSS_gr_specmatch_radio_selected_teddy.fit
12.702896,0.456551,0.385621027,0.614378973,1,SpIES_UKIDSS_SDSS_gr_specmatch_radio_selected_teddy.fit
13.01886,0.331275,0.410251001,0.589748999,1,SpIES_UKIDSS_SDSS_gr_specmatch_radio_selected_teddy.fit
13.157028,0.376302,0.358043316,0.641956684,1,SpIES_UKIDSS_SDSS_gr_specmatch_radio_selected_teddy.fit
13.30278,0.007961,0.902684839,0.097315161,0,SpIES_UKIDSS_SDSS_gr_specmatch_radio_selected_teddy.fit
13.611662,0.244204,0.600927891,0.399072109,0,SpIES_UKIDSS_SDSS_gr_specmatch_radio_selected_teddy.fit
26.80157,0.748172,0.680718872,0.319281128,0,SpIES_UKIDSS_SDSS_gr_specmatch_radio_selected_teddy.fit
26.852266,0.258071,0.351503618,0.648496382,1,SpIES_UKIDSS_SDSS_gr_specmatch_radio_selected_teddy.fit
27.517088,-0.815251,0.792997089,0.207002911,0,SpIES_UKIDSS_SDSS_gr_specmatch_radio_selected_teddy.fit
27.635375,0.976219,0.569734174,0.430265826,0,SpIES_UKIDSS_SDSS_gr_specmatch_radio_selected_teddy.fit
27.740159,0.561976,0.67408251,0.32591749,0,SpIES_UKIDSS_SDSS_gr_specmatch_radio_selected_teddy.fit
27.80293,-0.699818,0.66635761,0.33364239,0,SpIES_UKIDSS_SDSS_gr_specmatch_radio_selected_teddy.fit
28.218064,0.419364,0.859917242,0.140082758,0,SpIES_UKIDSS_SDSS_gr_specmatch_radio_selected_teddy.fit
28.218064,0.419364,0.85267442,0.14732558,0,SpIES_UKIDSS_SDSS_gr_specmatch_radio_selected_teddy.fit
28.404683,-0.63696,0.681093067,0.318906933,0,SpIES_UKIDSS_SDSS_gr_specmatch_radio_selected_teddy.fit
28.885237,0.007619,0.858175741,0.141824259,0,SpIES_UKIDSS_SDSS_gr_specmatch_radio_selected_teddy.fit
28.886852,0.109472,0.712751504,0.287248496,0,SpIES_UKIDSS_SDSS_gr_specmatch_radio_selected_teddy.fit
29.225394,-0.283087,0.531383805,0.468616195,0,SpIES_UKIDSS_SDSS_gr_specmatch_radio_selected_teddy.fit
29.320905,-0.716429,0.681097177,0.318902823,0,SpIES_UKIDSS_SDSS_gr_specmatch_radio_selected_teddy.fit
29.36152,-0.160676,0.677605874,0.322394126,0,SpIES_UKIDSS_SDSS_gr_specmatch_radio_selected_teddy.fit
29.792253,1.024012,0.796618564,0.203381436,0,SpIES_UKIDSS_SDSS_gr_specmatch_radio_selected_teddy.fit
29.891373,0.375262,0.6476815,0.3523185,0,SpIES_UKIDSS_SDSS_gr_specmatch_radio_selected_teddy.fit
29.979716,-0.854771,0.611712838,0.388287162,0,SpIES_UKIDSS_SDSS_gr_specmatch_radio_selected_teddy.fit
30.00136,-0.421775,0.806623774,0.193376226,0,SpIES_UKIDSS_SDSS_gr_specmatch_radio_selected_teddy.fit
30.559451,-0.296813,0.950741759,0.049258241,0,SpIES_UKIDSS_SDSS_gr_specmatch_radio_selected_teddy.fit
30.587691,-0.51119,0.656506823,0.343493177,0,SpIES_UKIDSS_SDSS_gr_specmatch_radio_selected_teddy.fit
30.902394,0.69771,0.728542364,0.271457636,0,SpIES_UKIDSS_SDSS_gr_specmatch_radio_selected_teddy.fit
31.118018,0.487049,0.492168209,0.507831791,0,SpIES_UKIDSS_SDSS_gr_specmatch_radio_selected_teddy.fit
31.211775,0.078025,0.673193974,0.326806026,0,SpIES_UKIDSS_SDSS_gr_specmatch_radio_selected_teddy.fit
31.265457,-0.057037,0.851739269,0.148260731,0,SpIES_UKIDSS_SDSS_gr_specmatch_radio_selected_teddy.fit
31.356155,1.035385,0.478939907,0.521060093,1,SpIES_UKIDSS_SDSS_gr_specmatch_radio_selected_teddy.fit
32.376839,0.400078,0.339252817,0.660747183,1,SpIES_UKIDSS_SDSS_gr_specmatch_radio_selected_teddy.fit
34.108773,-0.217088,0.74602405,0.25397595,0,SpIES_UKIDSS_SDSS_gr_specmatch_radio_selected_teddy.fit
34.286328,0.324853,0.592594067,0.407405933,0,SpIES_UKIDSS_SDSS_gr_specmatch_radio_selected_teddy.fit
34.594661,0.427371,0.862551685,0.137448315,0,SpIES_UKIDSS_SDSS_gr_specmatch_radio_selected_teddy.fit
34.63595,0.863371,0.586614741,0.413385259,0,SpIES_UKIDSS_SDSS_gr_specmatch_radio_selected_teddy.fit
34.84994,0.158836,0.459671599,0.540328401,1,SpIES_UKIDSS_SDSS_gr_specmatch_radio_selected_teddy.fit
35.070684,-0.488135,0.62854711,0.37145289,0,SpIES_UKIDSS_SDSS_gr_specmatch_radio_selected_teddy.fit
35.219887,0.208818,0.255535958,0.744464042,1,SpIES_UKIDSS_SDSS_gr_specmatch_radio_selected_teddy.fit
35.720663,-0.731214,0.85072691,0.14927309,0,SpIES_UKIDSS_SDSS_gr_specmatch_radio_selected_teddy.fit
331.615018,0.558962,0.758769169,0.241230831,0,SpIES_UKIDSS_SDSS_gr_specmatch_radio_selected_teddy.fit
332.191551,0.628653,0.674361872,0.325638128,0,SpIES_UKIDSS_SDSS_gr_specmatch_radio_selected_teddy.fit
332.503395,0.196373,0.676882281,0.323117719,0,SpIES_UKIDSS_SDSS_gr_specmatch_radio_selected_teddy.fit
332.653255,-0.954729,0.707451674,0.292548326,0,SpIES_UKIDSS_SDSS_gr_specmatch_radio_selected_teddy.fit
332.876055,-0.831608,0.8769436,0.1230564,0,SpIES_UKIDSS_SDSS_gr_specmatch_radio_selected_teddy.fit
333.105529,-0.318854,0.698921799,0.301078201,0,SpIES_UKIDSS_SDSS_gr_specmatch_radio_selected_teddy.fit
333.638342,-0.565531,0.565556617,0.434443383,0,SpIES_UKIDSS_SDSS_gr_specmatch_radio_selected_teddy.fit
333.658589,0.819154,0.583969628,0.416030372,0,SpIES_UKIDSS_SDSS_gr_specmatch_radio_selected_teddy.fit
333.945337,-1.02256,0.57825096,0.42174904,0,SpIES_UKIDSS_SDSS_gr_specmatch_radio_selected_teddy.fit
334.081553,-0.819172,0.557308161,0.442691839,0,SpIES_UKIDSS_SDSS_gr_specmatch_radio_selected_teddy.fit
334.28234,0.156884,0.67778734,0.32221266,0,SpIES_UKIDSS_SDSS_gr_specmatch_radio_selected_teddy.fit
334.521698,-0.53523,0.742036096,0.257963904,0,SpIES_UKIDSS_SDSS_gr_specmatch_radio_selected_teddy.fit
334.868825,0.955402,0.639937339,0.360062661,0,SpIES_UKIDSS_SDSS_gr_specmatch_radio_selected_teddy.fit
334.879775,0.441681,0.676659893,0.323340107,0,SpIES_UKIDSS_SDSS_gr_specmatch_radio_selected_teddy.fit
335.163004,0.051126,0.639853854,0.360146146,0,SpIES_UKIDSS_SDSS_gr_specmatch_radio_selected_teddy.fit
335.563095,0.646408,0.636955207,0.363044793,0,SpIES_UKIDSS_SDSS_gr_specmatch_radio_selected_teddy.fit
335.680625,-0.49889,0.713450067,0.286549933,0,SpIES_UKIDSS_SDSS_gr_specmatch_radio_selected_teddy.fit
335.969212,-0.796887,0.735148025,0.264851975,0,SpIES_UKIDSS_SDSS_gr_specmatch_radio_selected_teddy.fit
336.08521,0.843897,0.49795083,0.50204917,0,SpIES_UKIDSS_SDSS_gr_specmatch_radio_selected_teddy.fit
336.08521,0.843897,0.498828242,0.501171758,0,SpIES_UKIDSS_SDSS_gr_specmatch_radio_selected_teddy.fit
336.302538,0.626253,0.594499111,0.405500889,0,SpIES_UKIDSS_SDSS_gr_specmatch_radio_selected_teddy.fit
336.341689,-0.329594,0.705123575,0.294876425,0,SpIES_UKIDSS_SDSS_gr_specmatch_radio_selected_teddy.fit
336.590935,-0.433193,0.760096841,0.239903159,0,SpIES_UKIDSS_SDSS_gr_specmatch_radio_selected_teddy.fit
336.608743,-0.224091,0.758114383,0.241885617,0,SpIES_UKIDSS_SDSS_gr_specmatch_radio_selected_teddy.fit
336.99895,0.618998,0.746075039,0.253924961,0,SpIES_UKIDSS_SDSS_gr_specmatch_radio_selected_teddy.fit
337.147008,-0.65988,0.461769026,0.538230974,1,SpIES_UKIDSS_SDSS_gr_specmatch_radio_selected_teddy.fit
337.918054,0.439999,0.738041369,0.261958631,0,SpIES_UKIDSS_SDSS_gr_specmatch_radio_selected_teddy.fit
338.222663,-0.89446,0.677655913,0.322344087,0,SpIES_UKIDSS_SDSS_gr_specmatch_radio_selected_teddy.fit
338.627219,0.099228,0.647269603,0.352730397,0,SpIES_UKIDSS_SDSS_gr_specmatch_radio_selected_teddy.fit
338.734351,0.092002,0.678502465,0.321497535,0,SpIES_UKIDSS_SDSS_gr_specmatch_radio_selected_teddy.fit
340.720904,0.891895,0.70792324,0.29207676,0,SpIES_UKIDSS_SDSS_gr_specmatch_radio_selected_teddy.fit
341.125798,0.542013,0.479801197,0.520198803,1,SpIES_UKIDSS_SDSS_gr_specmatch_radio_selected_teddy.fit
341.176757,0.232162,0.604933554,0.395066446,0,SpIES_UKIDSS_SDSS_gr_specmatch_radio_selected_teddy.fit
341.377824,0.013365,0.384760492,0.615239508,1,SpIES_UKIDSS_SDSS_gr_specmatch_radio_selected_teddy.fit
341.608581,0.802219,0.679225586,0.320774414,0,SpIES_UKIDSS_SDSS_gr_specmatch_radio_selected_teddy.fit
341.752861,0.727748,0.764042745,0.235957255,0,SpIES_UKIDSS_SDSS_gr_specmatch_radio_selected_teddy.fit
342.250113,-0.301218,0.763673254,0.236326746,0,SpIES_UKIDSS_SDSS_gr_specmatch_radio_selected_teddy.fit
342.575151,-0.203512,0.76676899,0.23323101,0,SpIES_UKIDSS_SDSS_gr_specmatch_radio_selected_teddy.fit
342.702998,-0.471622,0.744660658,0.255339342,0,SpIES_UKIDSS_SDSS_gr_specmatch_radio_selected_teddy.fit
342.77568,-0.585953,0.652806458,0.347193542,0,SpIES_UKIDSS_SDSS_gr_specmatch_radio_selected_teddy.fit
342.80458,-0.765492,0.848579433,0.151420567,0,SpIES_UKIDSS_SDSS_gr_specmatch_radio_selected_teddy.fit
343.87507,-0.651789,0.751314251,0.248685749,0,SpIES_UKIDSS_SDSS_gr_specmatch_radio_selected_teddy.fit
344.166797,-0.887504,0.763769718,0.236230282,0,SpIES_UKIDSS_SDSS_gr_specmatch_radio_selected_teddy.fit
344.719053,0.3113,0.66713185,0.33286815,0,SpIES_UKIDSS_SDSS_gr_specmatch_radio_selected_teddy.fit
345.143392,-0.271674,0.286022935,0.713977065,1,SpIES_UKIDSS_SDSS_gr_specmatch_radio_selected_teddy.fit
345.499072,0.240957,0.744457543,0.255542457,0,SpIES_UKIDSS_SDSS_gr_specmatch_radio_selected_teddy.fit
345.558661,0.200782,0.435108063,0.564891937,1,SpIES_UKIDSS_SDSS_gr_specmatch_radio_selected_teddy.fit
345.877206,-0.365456,0.705141371,0.294858629,0,SpIES_UKIDSS_SDSS_gr_specmatch_radio_selected_teddy.fit
346.267203,0.83684,0.687128888,0.312871112,0,SpIES_UKIDSS_SDSS_gr_specmatch_radio_selected_teddy.fit
346.464358,-0.379123,0.662562653,0.337437347,0,SpIES_UKIDSS_SDSS_gr_specmatch_radio_selected_teddy.fit
346.640796,-0.330716,0.65469247,0.34530753,0,SpIES_UKIDSS_SDSS_gr_specmatch_radio_selected_teddy.fit
346.781018,-0.37696,0.764356594,0.235643406,0,SpIES_UKIDSS_SDSS_gr_specmatch_radio_selected_teddy.fit
346.795592,0.822922,0.635628006,0.364371994,0,SpIES_UKIDSS_SDSS_gr_specmatch_radio_selected_teddy.fit
347.132696,-0.311894,0.69082367,0.30917633,0,SpIES_UKIDSS_SDSS_gr_specmatch_radio_selected_teddy.fit
347.719619,-0.636674,0.833679426,0.166320574,0,SpIES_UKIDSS_SDSS_gr_specmatch_radio_selected_teddy.fit
348.56916,0.103881,0.147593012,0.852406988,1,SpIES_UKIDSS_SDSS_gr_specmatch_radio_selected_teddy.fit
348.664696,0.637197,0.875708721,0.124291279,0,SpIES_UKIDSS_SDSS_gr_specmatch_radio_selected_teddy.fit
348.925034,0.217876,0.791938405,0.208061595,0,SpIES_UKIDSS_SDSS_gr_specmatch_radio_selected_teddy.fit
349.189992,0.845335,0.691537163,0.308462837,0,SpIES_UKIDSS_SDSS_gr_specmatch_radio_selected_teddy.fit
349.406071,0.602615,0.714301094,0.285698906,0,SpIES_UKIDSS_SDSS_gr_specmatch_radio_selected_teddy.fit
349.512535,0.163685,0.445110785,0.554889215,1,SpIES_UKIDSS_SDSS_gr_specmatch_radio_selected_teddy.fit
350.542319,-0.247233,0.656385522,0.343614478,0,SpIES_UKIDSS_SDSS_gr_specmatch_radio_selected_teddy.fit
350.709412,0.917005,0.731989062,0.268010938,0,SpIES_UKIDSS_SDSS_gr_specmatch_radio_selected_teddy.fit
350.901552,0.20163,0.543778282,0.456221718,0,SpIES_UKIDSS_SDSS_gr_specmatch_radio_selected_teddy.fit
350.913625,-0.369828,0.511840498,0.488159502,0,SpIES_UKIDSS_SDSS_gr_specmatch_radio_selected_teddy.fit
351.100396,-0.854453,0.406627066,0.593372934,1,SpIES_UKIDSS_SDSS_gr_specmatch_radio_selected_teddy.fit
351.130033,0.721487,0.760226444,0.239773556,0,SpIES_UKIDSS_SDSS_gr_specmatch_radio_selected_teddy.fit
351.512769,0.759346,0.481135851,0.518864149,1,SpIES_UKIDSS_SDSS_gr_specmatch_radio_selected_teddy.fit
351.531631,0.29704,0.91862299,0.08137701,0,SpIES_UKIDSS_SDSS_gr_specmatch_radio_selected_teddy.fit
351.616262,-0.86252,0.677842808,0.322157192,0,SpIES_UKIDSS_SDSS_gr_specmatch_radio_selected_teddy.fit
351.785818,-0.415913,0.785733049,0.214266951,0,SpIES_UKIDSS_SDSS_gr_specmatch_radio_selected_teddy.fit
351.911665,-0.340703,0.592606343,0.407393657,0,SpIES_UKIDSS_SDSS_gr_specmatch_radio_selected_teddy.fit
352.008096,-0.472752,0.372217763,0.627782237,1,SpIES_UKIDSS_SDSS_gr_specmatch_radio_selected_teddy.fit
352.048044,0.221358,0.649542179,0.350457821,0,SpIES_UKIDSS_SDSS_gr_specmatch_radio_selected_teddy.fit
352.522997,-1.064127,0.786355014,0.213644986,0,SpIES_UKIDSS_SDSS_gr_specmatch_radio_selected_teddy.fit
352.613955,-0.683489,0.153045777,0.846954223,1,SpIES_UKIDSS_SDSS_gr_specmatch_radio_selected_teddy.fit
352.708076,0.838984,0.685595873,0.314404127,0,SpIES_UKIDSS_SDSS_gr_specmatch_radio_selected_teddy.fit
352.728701,0.949116,0.564615961,0.435384039,0,SpIES_UKIDSS_SDSS_gr_specmatch_radio_selected_teddy.fit
352.888305,-0.137701,0.439746807,0.560253193,1,SpIES_UKIDSS_SDSS_gr_specmatch_radio_selected_teddy.fit
353.280875,0.918428,0.696747626,0.303252374,0,SpIES_UKIDSS_SDSS_gr_specmatch_radio_selected_teddy.fit
353.951763,-0.232697,0.79858212,0.20141788,0,SpIES_UKIDSS_SDSS_gr_specmatch_radio_selected_teddy.fit
354.090632,0.873645,0.364495973,0.635504027,1,SpIES_UKIDSS_SDSS_gr_specmatch_radio_selected_teddy.fit
354.282351,-0.195921,0.661546052,0.338453948,0,SpIES_UKIDSS_SDSS_gr_specmatch_radio_selected_teddy.fit
354.519071,0.87028,0.37756504,0.62243496,1,SpIES_UKIDSS_SDSS_gr_specmatch_radio_selected_teddy.fit
354.579664,0.427103,0.662664007,0.337335993,0,SpIES_UKIDSS_SDSS_gr_specmatch_radio_selected_teddy.fit
354.847053,0.638762,0.720415293,0.279584707,0,SpIES_UKIDSS_SDSS_gr_specmatch_radio_selected_teddy.fit
355.013761,0.522988,0.728143905,0.271856095,0,SpIES_UKIDSS_SDSS_gr_specmatch_radio_selected_teddy.fit
355.063673,-0.175994,0.815443337,0.184556663,0,SpIES_UKIDSS_SDSS_gr_specmatch_radio_selected_teddy.fit
355.196644,-0.551553,0.694391046,0.305608954,0,SpIES_UKIDSS_SDSS_gr_specmatch_radio_selected_teddy.fit
355.444212,-0.635802,0.618263507,0.381736493,0,SpIES_UKIDSS_SDSS_gr_specmatch_radio_selected_teddy.fit
355.865041,-0.563346,0.654333004,0.345666996,0,SpIES_UKIDSS_SDSS_gr_specmatch_radio_selected_teddy.fit
356.077814,-0.602576,0.508929735,0.491070265,0,SpIES_UKIDSS_SDSS_gr_specmatch_radio_selected_teddy.fit
356.428748,-0.301804,0.668934516,0.331065484,0,SpIES_UKIDSS_SDSS_gr_specmatch_radio_selected_teddy.fit
356.675643,0.201968,0.739634632,0.260365368,0,SpIES_UKIDSS_SDSS_gr_specmatch_radio_selected_teddy.fit
356.701384,0.82244,0.838950333,0.161049667,0,SpIES_UKIDSS_SDSS_gr_specmatch_radio_selected_teddy.fit
356.743401,-0.635102,0.092005907,0.907994093,1,SpIES_UKIDSS_SDSS_gr_specmatch_radio_selected_teddy.fit
356.942685,0.288453,0.633116212,0.366883788,0,SpIES_UKIDSS_SDSS_gr_specmatch_radio_selected_teddy.fit
357.051232,-0.836732,0.820094992,0.179905008,0,SpIES_UKIDSS_SDSS_gr_specmatch_radio_selected_teddy.fit
357.299472,-0.21697,0.759360183,0.240639817,0,SpIES_UKIDSS_SDSS_gr_specmatch_radio_selected_teddy.fit
357.3372,0.029,0.647201984,0.352798016,0,SpIES_UKIDSS_SDSS_gr_specmatch_radio_selected_teddy.fit
357.444478,0.082805,0.687438884,0.312561116,0,SpIES_UKIDSS_SDSS_gr_specmatch_radio_selected_teddy.fit
357.764416,-0.227458,0.668025802,0.331974198,0,SpIES_UKIDSS_SDSS_gr_specmatch_radio_selected_teddy.fit
357.855354,-0.103317,0.30564324,0.69435676,1,SpIES_UKIDSS_SDSS_gr_specmatch_radio_selected_teddy.fit
358.557724,-0.996584,0.694129856,0.305870144,0,SpIES_UKIDSS_SDSS_gr_specmatch_radio_selected_teddy.fit
358.685991,0.665087,0.517278563,0.482721437,0,SpIES_UKIDSS_SDSS_gr_specmatch_radio_selected_teddy.fit
358.891212,-0.202689,0.37300013,0.62699987,1,SpIES_UKIDSS_SDSS_gr_specmatch_radio_selected_teddy.fit
358.90369,-0.266367,0.97051467,0.02948533,0,SpIES_UKIDSS_SDSS_gr_specmatch_radio_selected_teddy.fit
359.66666,-0.816044,0.769140229,0.230859771,0,SpIES_UKIDSS_SDSS_gr_specmatch_radio_selected_teddy.fit
359.748712,-0.342066,0.384405422,0.615594578,1,SpIES_UKIDSS_SDSS_gr_specmatch_radio_selected_teddy.fit
359.773628,-0.293935,0.627234591,0.372765409,0,SpIES_UKIDSS_SDSS_gr_specmatch_radio_selected_teddy.fit
359.830899,0.092075,0.688548281,0.311451719,0,SpIES_UKIDSS_SDSS_gr_specmatch_radio_selected_teddy.fit
359.921201,-0.107033,0.403565305,0.596434695,1,SpIES_UKIDSS_SDSS_gr_specmatch_radio_selected_teddy.fit
135.058182,5.596989,0.170343463,0.829656537,1,FIRST_WISE_UKIDSS_SDSS_all_combined.fits
135.446869,4.432961,0.219409098,0.780590902,1,FIRST_WISE_UKIDSS_SDSS_all_combined.fits
135.89389,7.188278,0.112383928,0.887616072,1,FIRST_WISE_UKIDSS_SDSS_all_combined.fits
136.039398,-0.123208,0.045857364,0.954142636,1,FIRST_WISE_UKIDSS_SDSS_all_combined.fits
137.831024,9.659,0.184377231,0.815622769,1,FIRST_WISE_UKIDSS_SDSS_all_combined.fits
138.868927,4.489078,0.021755715,0.978244285,1,FIRST_WISE_UKIDSS_SDSS_all_combined.fits
141.260605,5.478447,0.151154039,0.848845961,1,FIRST_WISE_UKIDSS_SDSS_all_combined.fits
141.888718,6.006992,0.113450025,0.886549975,1,FIRST_WISE_UKIDSS_SDSS_all_combined.fits
142.264297,8.078195,0.16213755,0.83786245,1,FIRST_WISE_UKIDSS_SDSS_all_combined.fits
144.356262,1.554864,0.225750375,0.774249625,1,FIRST_WISE_UKIDSS_SDSS_all_combined.fits
146.617599,0.287219,0.180495159,0.819504841,1,FIRST_WISE_UKIDSS_SDSS_all_combined.fits
146.997818,-1.845892,0.124267633,0.875732367,1,FIRST_WISE_UKIDSS_SDSS_all_combined.fits
147.208603,10.480772,0.044351041,0.955648959,1,FIRST_WISE_UKIDSS_SDSS_all_combined.fits
147.975159,2.463919,0.131321661,0.868678339,1,FIRST_WISE_UKIDSS_SDSS_all_combined.fits
148.154678,5.033336,0.006701042,0.993298958,1,FIRST_WISE_UKIDSS_SDSS_all_combined.fits
149.655411,5.637527,0.056404642,0.943595358,1,FIRST_WISE_UKIDSS_SDSS_all_combined.fits
149.778961,13.880655,0.201754275,0.798245725,1,FIRST_WISE_UKIDSS_SDSS_all_combined.fits
150.882065,-2.920286,0.052761717,0.947238283,1,FIRST_WISE_UKIDSS_SDSS_all_combined.fits
151.602615,-1.052128,0.249889148,0.750110852,1,FIRST_WISE_UKIDSS_SDSS_all_combined.fits
151.690475,9.877616,0.28984163,0.71015837,1,FIRST_WISE_UKIDSS_SDSS_all_combined.fits
151.815781,-1.591861,0.138382685,0.861617315,1,FIRST_WISE_UKIDSS_SDSS_all_combined.fits
151.847809,-1.669989,0.109903036,0.890096964,1,FIRST_WISE_UKIDSS_SDSS_all_combined.fits
152.840515,-2.699367,0.220343019,0.779656981,1,FIRST_WISE_UKIDSS_SDSS_all_combined.fits
152.858459,10.7054,0.243522986,0.756477014,1,FIRST_WISE_UKIDSS_SDSS_all_combined.fits
153.410507,-0.744742,0.03128675,0.96871325,1,FIRST_WISE_UKIDSS_SDSS_all_combined.fits
153.814835,4.884483,0.078140585,0.921859415,1,FIRST_WISE_UKIDSS_SDSS_all_combined.fits
153.982483,-1.741586,0.170155871,0.829844129,1,FIRST_WISE_UKIDSS_SDSS_all_combined.fits
154.014313,2.402106,0.095152466,0.904847534,1,FIRST_WISE_UKIDSS_SDSS_all_combined.fits
154.173874,12.879611,0.083217185,0.916782815,1,FIRST_WISE_UKIDSS_SDSS_all_combined.fits
154.265289,4.452942,0.003804694,0.996195306,1,FIRST_WISE_UKIDSS_SDSS_all_combined.fits
155.41304,9.089814,0.020843588,0.979156412,1,FIRST_WISE_UKIDSS_SDSS_all_combined.fits
155.499054,-1.167369,0.124052034,0.875947966,1,FIRST_WISE_UKIDSS_SDSS_all_combined.fits
156.810028,4.6516,0.111671044,0.888328956,1,FIRST_WISE_UKIDSS_SDSS_all_combined.fits
157.1427,3.184261,0.007776299,0.992223701,1,FIRST_WISE_UKIDSS_SDSS_all_combined.fits
157.200974,-1.055861,0.082274039,0.917725961,1,FIRST_WISE_UKIDSS_SDSS_all_combined.fits
157.390839,10.310063,0.248617097,0.751382903,1,FIRST_WISE_UKIDSS_SDSS_all_combined.fits
157.448929,11.295522,0.123051891,0.876948109,1,FIRST_WISE_UKIDSS_SDSS_all_combined.fits
157.86882,-1.054225,0.192387731,0.807612269,1,FIRST_WISE_UKIDSS_SDSS_all_combined.fits
158.257736,2.056847,0.117300074,0.882699926,1,FIRST_WISE_UKIDSS_SDSS_all_combined.fits
158.823761,3.150556,0.182562127,0.817437873,1,FIRST_WISE_UKIDSS_SDSS_all_combined.fits
160.887039,-1.267992,0.018936828,0.981063172,1,FIRST_WISE_UKIDSS_SDSS_all_combined.fits
161.128632,3.283131,0.137802801,0.862197199,1,FIRST_WISE_UKIDSS_SDSS_all_combined.fits
161.797028,7.200286,0.214722788,0.785277212,1,FIRST_WISE_UKIDSS_SDSS_all_combined.fits
162.577057,2.298025,0.227296543,0.772703457,1,FIRST_WISE_UKIDSS_SDSS_all_combined.fits
163.220963,4.959728,0.159535409,0.840464591,1,FIRST_WISE_UKIDSS_SDSS_all_combined.fits
165.440521,5.361686,0.189347588,0.810652412,1,FIRST_WISE_UKIDSS_SDSS_all_combined.fits
166.079712,4.080811,0.112227909,0.887772091,1,FIRST_WISE_UKIDSS_SDSS_all_combined.fits
166.38179,7.986556,0.179677753,0.820322247,1,FIRST_WISE_UKIDSS_SDSS_all_combined.fits
168.772186,0.409211,0.217462919,0.782537081,1,FIRST_WISE_UKIDSS_SDSS_all_combined.fits
168.837601,5.924906,0.068392363,0.931607637,1,FIRST_WISE_UKIDSS_SDSS_all_combined.fits
168.882187,7.267437,0.007196722,0.992803278,1,FIRST_WISE_UKIDSS_SDSS_all_combined.fits
169.006882,2.527222,0.253093258,0.746906742,1,FIRST_WISE_UKIDSS_SDSS_all_combined.fits
169.146576,14.676325,0.108158617,0.891841383,1,FIRST_WISE_UKIDSS_SDSS_all_combined.fits
169.438309,2.765542,0.196082044,0.803917956,1,FIRST_WISE_UKIDSS_SDSS_all_combined.fits
170.686752,-1.19065,0.100871446,0.899128554,1,FIRST_WISE_UKIDSS_SDSS_all_combined.fits
170.806961,8.810247,0.161678534,0.838321466,1,FIRST_WISE_UKIDSS_SDSS_all_combined.fits
171.310181,3.46542,0.002847548,0.997152452,1,FIRST_WISE_UKIDSS_SDSS_all_combined.fits
172.47319,2.7532,0.037031402,0.962968598,1,FIRST_WISE_UKIDSS_SDSS_all_combined.fits
172.653824,11.737333,0.113530285,0.886469715,1,FIRST_WISE_UKIDSS_SDSS_all_combined.fits
172.728729,-1.816619,0.242482059,0.757517941,1,FIRST_WISE_UKIDSS_SDSS_all_combined.fits
173.24382,9.505503,0.253580358,0.746419642,1,FIRST_WISE_UKIDSS_SDSS_all_combined.fits
173.290253,0.759139,0.001425593,0.998574407,1,FIRST_WISE_UKIDSS_SDSS_all_combined.fits
173.865463,-1.022078,0.193042893,0.806957107,1,FIRST_WISE_UKIDSS_SDSS_all_combined.fits
177.056,1.165597,0.194318309,0.805681691,1,FIRST_WISE_UKIDSS_SDSS_all_combined.fits
178.815521,9.521341,0.174163101,0.825836899,1,FIRST_WISE_UKIDSS_SDSS_all_combined.fits
179.167175,9.499165,0.217361522,0.782638478,1,FIRST_WISE_UKIDSS_SDSS_all_combined.fits
179.925537,12.288055,0.075346876,0.924653124,1,FIRST_WISE_UKIDSS_SDSS_all_combined.fits
181.408981,-0.993197,0.221200957,0.778799043,1,FIRST_WISE_UKIDSS_SDSS_all_combined.fits
182.109833,2.679047,0.108415739,0.891584261,1,FIRST_WISE_UKIDSS_SDSS_all_combined.fits
184.372726,-1.070975,0.202204026,0.797795974,1,FIRST_WISE_UKIDSS_SDSS_all_combined.fits
184.739136,9.590356,0.25080918,0.74919082,1,FIRST_WISE_UKIDSS_SDSS_all_combined.fits
185.654282,1.263314,0.268215513,0.731784487,1,FIRST_WISE_UKIDSS_SDSS_all_combined.fits
185.97673,8.656931,0.149017973,0.850982027,1,FIRST_WISE_UKIDSS_SDSS_all_combined.fits
186.084183,8.050058,0.239137232,0.760862768,1,FIRST_WISE_UKIDSS_SDSS_all_combined.fits
188.688583,1.213272,0.086992845,0.913007155,1,FIRST_WISE_UKIDSS_SDSS_all_combined.fits
189.002136,11.76315,0.128247022,0.871752978,1,FIRST_WISE_UKIDSS_SDSS_all_combined.fits
189.371475,10.624531,0.151398153,0.848601847,1,FIRST_WISE_UKIDSS_SDSS_all_combined.fits
189.977692,3.712031,0.106149999,0.893850001,1,FIRST_WISE_UKIDSS_SDSS_all_combined.fits
189.97821,0.037603,0.142520341,0.857479659,1,FIRST_WISE_UKIDSS_SDSS_all_combined.fits
190.235382,11.297389,0.000844949,0.999155051,1,FIRST_WISE_UKIDSS_SDSS_all_combined.fits
190.728577,12.393683,0.079178804,0.920821196,1,FIRST_WISE_UKIDSS_SDSS_all_combined.fits
190.922607,14.083795,0.014154105,0.985845895,1,FIRST_WISE_UKIDSS_SDSS_all_combined.fits
191.075638,5.755689,0.02306939,0.97693061,1,FIRST_WISE_UKIDSS_SDSS_all_combined.fits
191.27861,12.102475,0.189763727,0.810236273,1,FIRST_WISE_UKIDSS_SDSS_all_combined.fits
191.317673,0.6152,0.19783978,0.80216022,1,FIRST_WISE_UKIDSS_SDSS_all_combined.fits
191.626587,12.135131,0.109692286,0.890307714,1,FIRST_WISE_UKIDSS_SDSS_all_combined.fits
193.052917,13.033728,0.218361575,0.781638425,1,FIRST_WISE_UKIDSS_SDSS_all_combined.fits
193.928757,10.944517,0.007199446,0.992800554,1,FIRST_WISE_UKIDSS_SDSS_all_combined.fits
195.252991,0.796667,0.004439837,0.995560163,1,FIRST_WISE_UKIDSS_SDSS_all_combined.fits
195.253159,0.982758,0.088221532,0.911778468,1,FIRST_WISE_UKIDSS_SDSS_all_combined.fits
195.72879,10.499367,0.212967352,0.787032648,1,FIRST_WISE_UKIDSS_SDSS_all_combined.fits
195.737259,-0.960553,0.028793846,0.971206154,1,FIRST_WISE_UKIDSS_SDSS_all_combined.fits
196.520172,-1.655183,0.248468804,0.751531196,1,FIRST_WISE_UKIDSS_SDSS_all_combined.fits
197.5168,13.981308,0.093144942,0.906855058,1,FIRST_WISE_UKIDSS_SDSS_all_combined.fits
198.293091,-0.032683,0.004085796,0.995914204,1,FIRST_WISE_UKIDSS_SDSS_all_combined.fits
198.513275,8.702625,0.071706151,0.928293849,1,FIRST_WISE_UKIDSS_SDSS_all_combined.fits
199.161438,14.972492,0.101116164,0.898883836,1,FIRST_WISE_UKIDSS_SDSS_all_combined.fits
199.468933,10.9567,0.228265081,0.771734919,1,FIRST_WISE_UKIDSS_SDSS_all_combined.fits
201.32608,5.690008,0.221576372,0.778423628,1,FIRST_WISE_UKIDSS_SDSS_all_combined.fits
201.977951,12.385754,0.002164883,0.997835117,1,FIRST_WISE_UKIDSS_SDSS_all_combined.fits
202.084366,3.072158,0.001994984,0.998005016,1,FIRST_WISE_UKIDSS_SDSS_all_combined.fits
202.980591,2.510511,0.230122779,0.769877221,1,FIRST_WISE_UKIDSS_SDSS_all_combined.fits
203.087357,8.20465,0.108785353,0.891214647,1,FIRST_WISE_UKIDSS_SDSS_all_combined.fits
203.427933,10.227477,0.013159377,0.986840623,1,FIRST_WISE_UKIDSS_SDSS_all_combined.fits
203.716064,2.521095,0.047696001,0.952303999,1,FIRST_WISE_UKIDSS_SDSS_all_combined.fits
204.334518,-0.717506,0.128785945,0.871214055,1,FIRST_WISE_UKIDSS_SDSS_all_combined.fits
204.717117,0.8084,0.00612047,0.99387953,1,FIRST_WISE_UKIDSS_SDSS_all_combined.fits
204.784363,0.702886,0.004238284,0.995761716,1,FIRST_WISE_UKIDSS_SDSS_all_combined.fits
205.051086,12.247986,0.246771285,0.753228715,1,FIRST_WISE_UKIDSS_SDSS_all_combined.fits
205.113663,9.584309,0.139289964,0.860710036,1,FIRST_WISE_UKIDSS_SDSS_all_combined.fits
206.464188,-0.279444,0.11005405,0.88994595,1,FIRST_WISE_UKIDSS_SDSS_all_combined.fits
207.469131,2.331717,0.234915823,0.765084177,1,FIRST_WISE_UKIDSS_SDSS_all_combined.fits
208.428802,12.206349,0.196418139,0.803581861,1,FIRST_WISE_UKIDSS_SDSS_all_combined.fits
208.746658,13.353561,0.177531283,0.822468717,1,FIRST_WISE_UKIDSS_SDSS_all_combined.fits
209.607956,13.796358,0.149562584,0.850437416,1,FIRST_WISE_UKIDSS_SDSS_all_combined.fits
210.226349,-0.507353,0.213262007,0.786737993,1,FIRST_WISE_UKIDSS_SDSS_all_combined.fits
211.077591,5.756292,0.099245197,0.900754803,1,FIRST_WISE_UKIDSS_SDSS_all_combined.fits
211.441589,5.240222,0.103210043,0.896789957,1,FIRST_WISE_UKIDSS_SDSS_all_combined.fits
211.850632,12.779989,0.00261215,0.99738785,1,FIRST_WISE_UKIDSS_SDSS_all_combined.fits
212.484879,-0.549181,0.285569917,0.714430083,1,FIRST_WISE_UKIDSS_SDSS_all_combined.fits
212.976776,0.505611,0.182173878,0.817826122,1,FIRST_WISE_UKIDSS_SDSS_all_combined.fits
214.10434,4.015267,0.013083782,0.986916218,1,FIRST_WISE_UKIDSS_SDSS_all_combined.fits
214.545776,8.582628,0.004139176,0.995860824,1,FIRST_WISE_UKIDSS_SDSS_all_combined.fits
215.612595,9.827614,0.192505145,0.807494855,1,FIRST_WISE_UKIDSS_SDSS_all_combined.fits
216.53833,6.717419,0.020362408,0.979637592,1,FIRST_WISE_UKIDSS_SDSS_all_combined.fits
216.893143,4.961767,0.008391872,0.991608128,1,FIRST_WISE_UKIDSS_SDSS_all_combined.fits
219.322235,6.054647,0.206717077,0.793282923,1,FIRST_WISE_UKIDSS_SDSS_all_combined.fits
219.591064,6.615342,0.066536482,0.933463518,1,FIRST_WISE_UKIDSS_SDSS_all_combined.fits
219.702316,13.115695,0.120275069,0.879724931,1,FIRST_WISE_UKIDSS_SDSS_all_combined.fits
220.065338,5.718464,0.010183807,0.989816193,1,FIRST_WISE_UKIDSS_SDSS_all_combined.fits
221.225494,-1.430022,0.148076518,0.851923482,1,FIRST_WISE_UKIDSS_SDSS_all_combined.fits
221.4897,-0.479706,0.024919654,0.975080346,1,FIRST_WISE_UKIDSS_SDSS_all_combined.fits
223.90509,11.487619,0.208028954,0.791971046,1,FIRST_WISE_UKIDSS_SDSS_all_combined.fits
224.085007,7.8333,0.240191437,0.759808563,1,FIRST_WISE_UKIDSS_SDSS_all_combined.fits
225.026276,12.10847,0.220421819,0.779578181,1,FIRST_WISE_UKIDSS_SDSS_all_combined.fits
225.705734,10.043978,0.117900683,0.882099317,1,FIRST_WISE_UKIDSS_SDSS_all_combined.fits
226.022202,11.597414,0.085025322,0.914974678,1,FIRST_WISE_UKIDSS_SDSS_all_combined.fits
227.307709,4.468203,0.118206315,0.881793685,1,FIRST_WISE_UKIDSS_SDSS_all_combined.fits
227.49202,11.410444,0.014362669,0.985637331,1,FIRST_WISE_UKIDSS_SDSS_all_combined.fits
227.588348,4.327692,0.116134271,0.883865729,1,FIRST_WISE_UKIDSS_SDSS_all_combined.fits
227.708588,4.355786,0.008404609,0.991595391,1,FIRST_WISE_UKIDSS_SDSS_all_combined.fits
228.471558,7.655308,0.011034573,0.988965427,1,FIRST_WISE_UKIDSS_SDSS_all_combined.fits
228.931778,-1.055781,0.082808788,0.917191212,1,FIRST_WISE_UKIDSS_SDSS_all_combined.fits
229.98819,-2.578017,0.133737756,0.866262244,1,FIRST_WISE_UKIDSS_SDSS_all_combined.fits
230.170929,-1.311872,0.090946041,0.909053959,1,FIRST_WISE_UKIDSS_SDSS_all_combined.fits
230.825302,8.05855,0.045433854,0.954566146,1,FIRST_WISE_UKIDSS_SDSS_all_combined.fits
230.857376,1.574253,0.003081219,0.996918781,1,FIRST_WISE_UKIDSS_SDSS_all_combined.fits
231.558273,-1.88645,0.180126349,0.819873651,1,FIRST_WISE_UKIDSS_SDSS_all_combined.fits
232.727631,0.980603,0.037303947,0.962696053,1,FIRST_WISE_UKIDSS_SDSS_all_combined.fits
234.152176,6.422978,0.223686309,0.776313691,1,FIRST_WISE_UKIDSS_SDSS_all_combined.fits
234.151627,8.965731,0.248093368,0.751906632,1,FIRST_WISE_UKIDSS_SDSS_all_combined.fits
234.923233,-1.353831,0.162421595,0.837578405,1,FIRST_WISE_UKIDSS_SDSS_all_combined.fits